<?xml version="1.0" encoding="UTF-8" ?>
<!DOCTYPE tiles-definitions PUBLIC
       "-//Apache Software Foundation//DTD Tiles Configuration 2.0//EN"
       "http://tiles.apache.org/dtds/tiles-config_2_0.dtd">
<tiles-definitions>
	<definition name="baseLayout"
		template="/WEB-INF/view/common/layout.jsp">
		<put-attribute name="title" value="레이아웃 페이지" />
		<put-attribute name="header" value="/WEB-INF/view/common/header.jsp" />
		<put-attribute name="footer" value="/WEB-INF/view/common/footer.jsp" />
		<put-attribute name="body" value=""/>
	</definition>

	<definition name="/main/main" extends="baseLayout">
		<put-attribute name="title" value="쇼핑몰 메인페이지" />
		<put-attribute name="body" value="/WEB-INF/view/main/main.jsp" />
	</definition>
	
</tiles-definitions>