<?xml version="1.0" encoding="UTF-8" ?>
<!DOCTYPE tiles-definitions PUBLIC
       "-//Apache Software Foundation//DTD Tiles Configuration 2.0//EN"
       "http://tiles.apache.org/dtds/tiles-config_2_0.dtd">
<tiles-definitions>
	<definition name="baseLayout"
		template="/WEB-INF/view/common/layout.jsp">
		<put-attribute name="title" value="레이아웃 페이지" />
		<put-attribute name="header" value="/WEB-INF/view/common/header.jsp" />
		<put-attribute name="footer" value="/WEB-INF/view/common/footer.jsp" />
		<put-attribute name="body" value=""/>
	</definition>
    <definition name="/product/goForm" extends="baseLayout">
       <put-attribute name="title" value="상품 주문 페이지" />
       <put-attribute name="body" value="/WEB-INF/view/product/goForm.jsp" />
    </definition> 
    <!-- <definition name="/order/orderAllCartGoods" extends="baseLayout">
       <put-attribute name="title" value="상품 주문 페이지" />
       <put-attribute name="body" value="/WEB-INF/views/order/orderGoodsForm.jsp" />
    </definition> 
     <definition name="/order/payToOrderGoods" extends="baseLayout">
       <put-attribute name="title" value="상품 주문 결과 페이지" />
       <put-attribute name="body" value="/WEB-INF/views/order/orderResult.jsp" />
    </definition> -->
    
</tiles-definitions>


