<?xml version="1.0" encoding="UTF-8" ?>
<!DOCTYPE mapper
	PUBLIC "-//mybatis.org//DTD Mapper 3.0//EN"
	"http://mybatis.org/dtd/mybatis-3-mapper.dtd">

<mapper namespace="mapper.admin_product">

<!-- 리절트 맵 정의 -->	
<resultMap id="prodcutResult" type="productVO">
	<result property="product_id" column="product_id"/>
	<result property="product_name" column="product_name"/>
	<result property="price" column="price"/>
	<result property="product_amount" column="product_amount"/>
	<result property="category_id" column="category_id"/>
	<result property="product_inf_image" column="product_inf_image"/>
	<result property="product_image" column="product_image"/>
	<result property="reg_id" column="reg_id"/>
	<result property="post_date" column="post_date"/>
</resultMap>

<resultMap id="categoryResult" type="categoryVO">
	<result property="category_id" column="category_id"/>
	<result property="category_name" column="category_name"/>
</resultMap>

<resultMap id="prodcutInformResult" type="productInformVO">
	<result property="product_name" column="product_name"/>
	<result property="product_ex_date" column="product_ex_date"/>
	<result property="ingredient_info" column="ingredient_info"/>
	<result property="GMO_status" column="GMO_status"/>
	<result property="nutrition_facts" column="nutrition_facts"/>
	<result property="producer" column="producer"/>
	<result property="product_addr" column="product_addr"/>
	<result property="product_weight" column="product_weight"/>
	<result property="delivery_area" column="delivery_area"/>
	<result property="delivery_method" column="delivery_method"/>
	<result property="import_notice" column="import_notice"/>
	<result property="special_category" column="special_category"/>
	<result property="customer_service" column="customer_service"/>
	<result property="warnings" column="warnings"/>
</resultMap>

	  <insert id="insertProduct"  parameterType="productVO" >
  <![CDATA[
    	insert into product(
    					 product_name,    					
    					 price,
    					 product_amount,
    					 category_id,
    					 product_inf_image,
    					 product_image,
    					 reg_id
    					 )
							 values(#{product_name},
									#{price},
                                 	#{product_amount},
                                   	#{category_id},
                                   	#{product_inf_image},
                                    #{product_image},
                                    #{reg_id}
                                    )                               
   ]]>      
  </insert>
  
   <insert id="insertInform"  parameterType="productInformVO" >
  <![CDATA[
    	insert into product_Inform(
    					 product_name,    					
    					 product_ex_date,
    					 ingredient_info,
    					 GMO_status,
    					 nutrition_facts,
    					 producer,
    					 product_addr,
    					 product_weight,
    					 delivery_area,
    					 delivery_method,
    					 import_notice,
    					 special_category,
    					 customer_service,
    					 warnings
    					 )
							 values(#{product_name},
									#{product_ex_date},
                                 	#{ingredient_info},
                                   	#{GMO_status},
                                   	#{nutrition_facts},
                                    #{producer},
                                    #{product_addr},
                                    #{product_weight},
                                    #{delivery_area},
                                    #{delivery_method},
                                    #{import_notice},
                                    #{special_category},
                                    #{customer_service},
                                    #{warnings}
                                    )                               
   ]]>      
  </insert>
  
  <select id="findCategory" parameterType="String" resultType="int">
    <![CDATA[
    	select category_id 
    	from category
    	where category_name = #{category_name}
      ]]> 
  </select>
  
  <select id="selectProductId" parameterType="String" resultType="int">
  	<![CDATA[
    	select product_id from product
    	where product_name = #{product_name}
      ]]> 
  </select>
  
  <select id="selectProduct" parameterType="int" resultType="productVO">
  	<![CDATA[
    	SELECT * FROM product 
    	where product_id = #{product_id}
      ]]> 
  </select>
  
  <select id="selectProductInform" parameterType="String" resultType="productInformVO">
  	<![CDATA[
    	SELECT * FROM product_inform 
    	where product_name = (SELECT product_name
    	FROM product
    	WHERE product_id = #{product_id}) 
      ]]> 
  </select>
  
  <select id="selectAllProductList" resultType="productVO">
      <![CDATA[
      	SELECT * FROM product
       ]]>
  </select>
  
  <delete id="deleteProductInform" parameterType="int">
  	  <![CDATA[
    	DELETE FROM product_inform
		WHERE PRODUCT_NAME = 
		(SELECT PRODUCT_NAME FROM PRODUCT
		WHERE PRODUCT_ID = #{product_id})
      ]]> 
  </delete>
  
  <delete id="deleteProduct" parameterType="int">
  	  <![CDATA[
    	DELETE FROM product 
		WHERE product_id = #{product_id};
      ]]> 
  </delete>
  
   <select id="selectImageName" parameterType="int" resultType="String">
  	<![CDATA[
    	select product_image from product
    	where product_id = #{product_id}
      ]]> 
  </select>
  
   <select id="selectImageInform" parameterType="int" resultType="String">
  	<![CDATA[
    	select product_inf_image from product
    	where product_id = #{product_id}
      ]]> 
  </select>
  

	<update id="updateProduct" parameterType="productVO">
	  <![CDATA[
    	UPDATE product
    	SET
    	price = #{price},
    	product_amount = #{product_amount},
    	category_id = #{category_id},
    	product_inf_image = #{product_inf_image},
    	product_image = #{product_image}
    	WHERE product_id = #{product_id}
      ]]>
	</update>
	
	<update id="updateProductInform" parameterType="productInformVO">
	  <![CDATA[
		UPDATE product_inform
	    SET
	    product_ex_date = #{product_ex_date},
	    ingredient_info = #{ingredient_info},
	    GMO_status = #{GMO_status},
	    nutrition_facts = #{nutrition_facts},
	    producer = #{producer},
	    product_addr = #{product_addr},
	    product_weight = #{product_weight},
	    delivery_area = #{delivery_area},
	    delivery_method = #{delivery_method},
	    import_notice = #{import_notice},
	    special_category = #{special_category},
	    customer_service = #{customer_service},
	    warnings = #{warnings}
	    WHERE product_name = #{product_name}  	
      ]]>
	</update>


	<!-- <resultMap id="productResult" type="goodsVO">
		<result property="goods_id" column="goods_id" />
		<result property="goods_title" column="goods_title" />
		<result property="goods_writer" column="goods_writer" />
		<result property="goods_price" column="goods_price" />
		<result property="goods_publisher" column="goods_publisher" />
		
		<result property="goods_status" column="goods_status" />
		<result property="goods_sales_price" column="goods_sales_price" />
		<result property="goods_published_date" column="goods_published_date" />
		<result property="goods_total_page" column="goods_total_page" />
		<result property="goods_isbn" column="goods_isbn" />
		<result property="goods_delivery_price" column="goods_delivery_price" />
		<result property="goods_delivery_date" column="goods_delivery_date" />
		
		<result property="goods_fileName" column="fileName" />
		<result property="goods_sort" column="goods_sort" />
		<result property="goods_writer_intro" column="goods_writer_intro" />
		<result property="goods_intro" column="goods_intro" />
		<result property="goods_contents_order" column="goods_contents_order" javaType="java.lang.String" jdbcType="CLOB"  />
	</resultMap>	

	<resultMap id="imageResult" type="ImageFileVO">
	   <result property="goods_id" column="goods_id" />
	   <result property="fileName" column="fileName" />
	   <result property="reg_id" column="reg_id" />
	   <result property="image_id" column="image_id" />
	   <result property="fileType" column="fileType" />
	</resultMap>
	
	<resultMap id="orderGoodsResult" type="OrderVO">
		<result property="order_id" column="order_id" />
		<result property="member_id" column="member_id" />
		<result property="goods_id" column="goods_id" />
		<result property="goods_title" column="goods_title" />
		<result property="goods_sales_price" column="goods_sales_price" />
		<result property="order_total_price" column="order_total_price" />
		<result property="order_goods_qty" column="order_goods_qty" />
		
		<result property="orderer_name" column="orderer_name" />
		<result property="receiver_name" column="receiver_name" />
		<result property="receiver_hp1" column="receiver_hp1" />
		<result property="receiver_hp2" column="receiver_hp2" />
		<result property="receiver_hp3" column="receiver_hp3" />
		
		<result property="receiver_tel1" column="receiver_tel1" />
		<result property="receiver_tel2" column="receiver_tel2" />
		<result property="receiver_tel3" column="receiver_tel3" />
		<result property="delivery_address" column="delivery_address" />
		<result property="delivery_message" column="delivery_message" />
		
		<result property="delivery_method" column="delivery_method" />
		<result property="gift_wrapping" column="gift_wrapping" />
		<result property="pay_method" column="pay_method" />
		<result property="card_com_name" column="card_com_name" />
		<result property="card_pay_month" column="card_pay_month" />
		
		<result property="pay_orderer_hp_num" column="pay_orderer_hp_num" />
		<result property="pay_order_time" column="pay_order_time" />
		<result property="delivery_state" column="delivery_state" />
		<result property="final_total_price" column="final_total_price" />
		<result property="goods_qty" column="goods_qty" />
		
		<result property="goods_fileName" column="goods_fileName" />
	</resultMap>
	<insert id="insertNewGoods" parameterType="java.util.Map"   >
		<selectKey resultType="String" keyProperty="goods_id" order="BEFORE">
	    	select seq_goods_id.nextval from dual
	    </selectKey>
	    
	    <![CDATA[
		   insert into t_shopping_goods(
		                goods_id, 
		                goods_sort,
                    goods_title,
                    goods_writer,
                    goods_publisher,
										goods_price,
										goods_sales_price,
										goods_point,
										goods_published_date,
										goods_total_page,
										goods_isbn,
										goods_delivery_price,
										goods_delivery_date,
										goods_status,
										goods_writer_intro,
										goods_intro,
										goods_publisher_comment,
										goods_recommendation,
			              goods_contents_order)
					  			values(
					  			      #{goods_id},
					  			      #{goods_sort},
					  			      #{goods_title},
					  			      #{goods_writer},
					  			     
					  			      #{goods_publisher },
					  			      #{goods_price},
					  			      #{goods_sales_price},
					  			      #{goods_point},
					  			      #{goods_published_date},
					  			      
					  			      #{goods_total_page},
					  			      #{goods_isbn },
					  			      #{goods_delivery_price },
					  			      #{goods_delivery_date },
					  			      #{goods_status },
					  			      #{goods_writer_intro},
											
									      #{goods_intro},
					  			      #{goods_publisher_comment },
					  			      #{goods_recommendation },	
					  			      #{goods_contents_order:VARCHAR}
					 			 )
		]]>
	</insert> 
		<insert id="insertGoodsImageFile" parameterType="imageFileVO"   >
		<selectKey resultType="int" keyProperty="image_id" order="BEFORE">
	    	select seq_image_id.nextval from dual
	    </selectKey>
	    <![CDATA[
		   insert into t_goods_detail_image (image_id,
		                                     goods_id,
																				 fileName,
																				 fileType,
																				 reg_id)
											   					values(#{image_id},
											   					 			 #{goods_id},
											   							 	 #{fileName},
											   								 #{fileType},
											   								 #{reg_id} )
		]]>
	</insert> 
	<select id="selectNewGoodsList" resultMap="goodsResult"   parameterType="java.util.Map"  >
	<![CDATA[
		SELECT *
		FROM (
		    SELECT 
		        ROW_NUMBER() OVER (ORDER BY goods_creDate DESC) AS recNum,
		        goods_id,
		        goods_title,
		        goods_writer,
		        goods_publisher,
		        goods_sales_price,
		        DATE_FORMAT(goods_creDate, '%Y-%m-%d') AS goods_creDate,
		        DATE_FORMAT(goods_published_date, '%Y-%m-%d') AS goods_published_date
		    FROM t_shopping_goods
		    WHERE DATE_FORMAT(goods_creDate, '%Y-%m-%d') BETWEEN #{beginDate} AND #{endDate}
		) AS subquery
		WHERE recNum BETWEEN (#{section}-1)*100 + (#{pageNum}-1)*10 + 1 AND (#{section}-1)*100 + (#{pageNum})*10;
		]]>
		  오라클 쿼리
		  	   select * from (
			   select rowNum as recNum,
			   		  goods_id,
			          goods_title,
			          goods_writer,
			          goods_publisher,
			          goods_sales_price,
			          to_char(goods_creDate,'YYYY-MM-DD')  as goods_creDate,
			          to_char(goods_published_date,'YYYY-MM-DD') as goods_published_date
			       from (
			             select  goods_id,
			             		 goods_title,
			             		 goods_writer,
			             		 goods_publisher,
			             		 goods_sales_price,
			             		 goods_creDate,
			             		 goods_published_date
			              from t_shopping_goods 
			                where  to_char(goods_creDate,'YYYY-MM-DD')  between #{beginDate} and #{endDate}
			               order by goods_creDate desc
					    )
				)							
			where				
		recNum between (#{section}-1)*100+ (#{pageNum}-1)*10+1 and (#{section}-1)*100+(#{pageNum})*10				        
    	
	</select>
	
	<select id="selectOrderGoodsList" resultMap="orderGoodsResult"   parameterType="java.util.Map"  >
		SELECT *
		FROM (
		    SELECT 
		        ROW_NUMBER() OVER (ORDER BY pay_order_time DESC) AS recNum,
		        t.*
		    FROM t_shopping_order t
		    WHERE DATE_FORMAT(pay_order_time, '%Y-%m-%d') BETWEEN #{beginDate} AND #{endDate}
		    <if test="search_type == 'orderer_id'">
		        AND orderer_id = #{search_word}
		    </if>
		    <if test="search_type == 'orderer_name'">
		        AND orderer_name = #{search_word}
		    </if>
		    <if test="search_type == 'orderer_hp_num'">
		        AND pay_orderer_hp_num = #{search_word}
		    </if>
		) AS subquery
		WHERE recNum BETWEEN (#{section}-1)*100 + (#{pageNum}-1)*10 + 1 AND (#{section}-1)*100 + #{pageNum}*10;
		오라클 쿼리
		  select * from (
			    select rowNum as recNum,t.*
			       from (
			              select  *  from t_shopping_order 
			              where to_char(pay_order_time,'yyyy-mm-dd')  between #{beginDate} and #{endDate}
			                <if test="search_type=='orderer_id'">
			                  AND orderer_id=#{search_word}
			                </if>
			                <if test="search_type=='orderer_name'">
			                  AND orderer_name=#{search_word}
			                </if>
			                <if test="search_type=='orderer_hp_num'">
			                   AND pay_orderer_hp_num=#{search_word} 
			                </if>
			              order by PAY_ORDER_TIME desc
					    ) t
				)							
			where				
		recNum between (#{section}-1)*100+ (#{pageNum}-1)*10+1 and (#{section}-1)*100+(#{pageNum})*10				        
	</select>
	
 

	
	<select id="selectGoodsDetail" resultMap="goodsResult"   parameterType="String"  >
	    <![CDATA[
		     select g.*,to_char(g.goods_published_date,'YYYY-MM-DD') as goods_published_date, d.fileName from t_shopping_goods g, t_goods_detail_image d
	        where g.goods_id=d.goods_id
	        and d.filetype='main_image'
	        and g.goods_id=#{goods_id}
	        order by g.goods_id
    	]]>
	</select>
	<select id="selectGoodsImageFileList" resultMap="imageResult"   parameterType="String"  >
	    <![CDATA[
		    	select * from  t_goods_detail_image 
		    	where  
			    goods_id=#{goods_id}
			    order by image_id asc
    	]]>
	</select>	
	
	
<update id="updateGoodsInfo" parameterType="java.util.HashMap" >
	   update t_shopping_goods
	    <set> 
	      <if test=" goods_sort!='' and goods_sort!=null">
	        goods_sort=#{goods_sort},
	      </if>
	      <if test=" goods_title!='' and goods_title!=null">
	        goods_title=#{goods_title},
	      </if>
	      <if test=" goods_writer!='' and goods_writer!=null">
	        goods_writer=#{goods_writer},
	      </if>
	      <if test=" goods_publisher!='' and goods_publisher!=null">
	        goods_publisher=#{goods_publisher},
	      </if>
	      <if test=" goods_price!='' and goods_price!=null">
	        goods_price=#{goods_price},
	      </if>
	      <if test=" goods_published_date!='' and goods_published_date!=null">
	        goods_published_date=#{goods_published_date},
	      </if>
	      <if test=" goods_sales_price!='' and goods_sales_price!=null">
	        goods_sales_price=#{goods_sales_price},
	      </if>
	      <if test=" goods_point!='' and goods_point!=null">
	        goods_point=#{goods_point},
	      </if>
	      <if test=" goods_page_total!='' and goods_page_total!=null">
	        goods_page_total=#{goods_page_total},
	      </if>
	      <if test=" goods_isbn!='' and goods_isbn!=null">
	        goods_isbn=#{goods_isbn},
	      </if>
	      <if test=" goods_delivery_price!='' and goods_delivery_price!=null">
	        goods_delivery_price=#{goods_delivery_price},
	      </if>
	      <if test=" goods_delivery_date!='' and goods_delivery_date!=null">
	        goods_delivery_date=#{goods_delivery_date},
	      </if>
	      <if test=" goods_status!='' and goods_status!=null">
	        goods_status=#{goods_status},
	      </if>
	      <if test=" goods_writer_intro!='' and goods_writer_intro!=null">
	        goods_writer_intro=#{goods_writer_intro},
	      </if>
	      <if test=" goods_intro!='' and goods_intro!=null">
	        goods_intro=#{goods_intro},
	      </if>
	      <if test=" publisher_comment!='' and publisher_comment!=null">
	        publisher_comment=#{publisher_comment},
	      </if>
	      <if test=" recommendation!='' and recommendation!=null">
	        recommendation=#{recommendation},
	      </if>
	      <if test=" goods_contents_order!='' and goods_contents_order!=null">
	        goods_contents_order=#{goods_contents_order:VARCHAR}
	      </if>
	     </set>
	    where 
	    goods_id=#{goods_id}
	
	</update>	
	<update id="updateGoodsImage" parameterType="imageFileVO">
		update t_goods_detail_image
		set fileName=#{fileName}
		where	 
		goods_id=#{goods_id} and image_id=#{image_id}
	</update>
	
	<delete id="deleteGoodsImage" parameterType="String">
	  delete from t_goods_detail_image
	  where image_id=#{image_id}
	</delete>
	
<update id="updateOrderGoods" parameterType="java.util.HashMap" >
	   update t_shopping_order
	    <set> 
	      <if test=" delivery_state!='' and delivery_state!=null">
	        delivery_state=#{delivery_state},
	      </if>
	      <if test=" delivery_address!='' and delivery_address!=null">
	        delivery_address=#{delivery_address},
	      </if>
	    </set>
	    where 
	    order_id=#{order_id}
	
	</update>		
 --></mapper>

