<?xml version="1.0" encoding="UTF-8" ?>
<!DOCTYPE mapper
	PUBLIC "-//mybatis.org//DTD Mapper 3.0//EN"
	"http://mybatis.org/dtd/mybatis-3-mapper.dtd">

<mapper namespace="mapper.cart">
	<!-- 리절트 맵 정의 -->
	<resultMap id="cartResult" type="CartVO">
		<result property="cart_id" column="cart_id" />
		<result property="product_id" column="product_id" />
		<result property="user_id" column="user_id" />
		<result property="cart_product_qty" column="cart_product_qty" />
		<result property="amount" column="amount" />
	</resultMap>
	
	<resultMap id="productResult" type="ProductVO">
		<result property="product_id" column="product_id" />
		<result property="product_name" column="product_name" />
		<result property="price" column="price" />
		<result property="product_amount" column="product_amount" />

		<result property="product_image" column="product_image" />
		<result property="category_id" column="category_id" />
		<result property="product_inf_image" column="product_inf_image" />
		<result property="reg_id" column="reg_id" />
		<result property="post_date" column="post_date" />

	</resultMap>

	<select id="selectCartList"  parameterType="cartVO"  resultMap="cartResult"   >
	    <![CDATA[
		select cart_id, product_id, user_id, amount
		from cart 
		where user_id=#{user_id} 
		]]>
	</select>

	<select id="selectProductList" resultMap="productResult" parameterType="java.util.List">
	    <![CDATA[
	        select product_id, product_name, price, product_image, post_date 
	        from product
	        where product_id IN 
	    ]]>
	    <foreach item="item" collection="list" open="(" separator="," close=")">
	        #{item.product_id}
	    </foreach>
	    order by post_date desc
	</select>
	

	<select id="selectCountInCart" resultType="String" parameterType="cartVO">
	    <![CDATA[
	    	SELECT IF(COUNT(*) = 0, 'false', 'true') AS result
			FROM cart
			WHERE product_id = #{product_id}
			AND user_id = #{user_id};    
    	]]>
	</select>

	<insert id="insertProductInCart" parameterType="cartVO">
	    <![CDATA[
		    	insert into cart(cart_id,
		    	                 product_id,
		    	                 user_id)
		        		 values(#{cart_id},
		    					#{product_id},
		    					#{user_id})
    	]]>
	</insert>

	<update id="updateCartProductQty" parameterType="cartVO">
	    <![CDATA[
			update cart
			       set amount=#{amount}
		 	       where user_id=#{user_id}
			        and product_id=#{product_id}
    	]]>
	</update>
	<delete id="deleteCartProduct" parameterType="int">
	    <![CDATA[
	      delete from cart
	      where cart_id=#{cart_id}
    	]]>
	</delete>
	
	<select id="selectMaxCartId" resultType="int">
	    <![CDATA[
			select IFNULL(max(cart_id), 0) + 1 from cart 
    	]]>
	</select>

</mapper>
