<?xml version="1.0" encoding="UTF-8" ?>
<!DOCTYPE mapper
	PUBLIC "-//mybatis.org//DTD Mapper 3.0//EN"
	"http://mybatis.org/dtd/mybatis-3-mapper.dtd">

<mapper namespace="mapper.user">
<!-- 리절트 맵 정의 -->	
	<resultMap id="userResult" type="UserVO">
		
		<result property="user_code" column="user_code" />
		<result property="user_type" column="user_type" />
		<result property="manager_id" column="manager_id" />
		<result property="user_id" column="user_id" />
		<result property="user_pw" column="user_pwd" />
		<result property="username" column="username" />
		<result property="phone_num" column="phone_num" />
		<result property="email1" column="email1" />
		<result property="email2" column="email2" />
		<result property="jibunAddress" column="jibunAddress" />
		<result property="roadAddress" column="roadAddress" />
		<result property="namujiAddress" column="namujiAddress" />		
		<result property="gender" column="gender" />		
		<result property="cash_point" column="cash_point" />		
	</resultMap>	

	<select id="login" resultType="userVO"  parameterType="java.util.Map"  >
	    <![CDATA[
			select * from user 
			 where user_id=#{user_id}
			 and user_pwd=#{user_pwd}			
			 
		]]>
	</select>
	
	<select id="selectOverlappedID" parameterType="String" resultType="String">
	<![CDATA[
	   SELECT CASE COUNT(*)
        WHEN 1 THEN 'true'
        WHEN 0 THEN 'false'
        ELSE NULL
    	END AS result
		FROM user
		WHERE user_id = #{id}
	   ]]>
	</select>
	
  <insert id="insertNewUser"  parameterType="userVO">
  <![CDATA[
    	insert into user(user_type,
    					 manager_id,    					
    					 user_id,
    					 user_pwd,
    					 username,
    					 phone_num,
    					 email1,
    					 email2,
    					 jibunAddress,
    					 roadAddress,
    					 namujiAddress,
    					 cash_point,
    					 gender
    					 )
							 values(#{user_type},
									#{manager_id},
									#{user_id},
                                 	#{user_pwd},
                                   	#{username},
                                   	#{phone_num},
                                    #{email1},
                                    #{email2},
                                    #{jibunAddress},
                                    #{roadAddress},
                                    #{namujiAddress},
                                    #{cash_point},
                                    #{gender}
                                    )
                                  
                                      
   ]]>      
  </insert>
  
    <select id="selectUserInfo" parameterType="String" resultType="com.cookit.user.vo.UserVO">
    <![CDATA[
        SELECT * 
        FROM user_table 
        WHERE user_id = #{user_id}
         ]]>  
    </select>
    
        <select id="selectUserById" parameterType="string" resultType="userVO">
        <![CDATA[
        SELECT * FROM user WHERE user_id = #{user_id}
        ]]>
    </select>
    
    <update id="updateUser" parameterType="userVO">
    <![CDATA[
        UPDATE user
  	  	SET username = #{username},
        roadAddress = #{roadAddress}, 
        jibunAddress = #{jibunAddress},
        namujiAddress = #{namujiAddress}          
    WHERE user_id = #{user_id}
    ]]>
    </update>
    
    <update id="updatePassword" parameterType="userVO">
    <![CDATA[
    UPDATE user
    SET user_pwd = #{user_pwd}
    WHERE user_id = #{user_id}
    ]]>
</update>
    
</mapper>